[
  {
    "id": "9ae720c2-9dc4-4972-9a5a-ef0f1fa4f0c3",
    "data": [
      {
        "text": "What can you do?",
        "userDefined": false
      }
    ],
    "isTemplate": false,
    "count": 0,
    "updated": 1544202675
  },
  {
    "id": "83944b39-4dab-4773-9910-ac88570da81b",
    "data": [
      {
        "text": "What can I do?",
        "userDefined": false
      }
    ],
    "isTemplate": false,
    "count": 0,
    "updated": 1544202675
  },
  {
    "id": "c3cccbe8-7285-4f3b-8fb9-d55efc7d8b55",
    "data": [
      {
        "text": "introduction",
        "userDefined": false
      }
    ],
    "isTemplate": false,
    "count": 0,
    "updated": 1544202675
  },
  {
    "id": "899a24f3-dd0e-4444-8424-78e1f4ddba0c",
    "data": [
      {
        "text": "introduce yourself",
        "userDefined": false
      }
    ],
    "isTemplate": false,
    "count": 0,
    "updated": 1544202675
  },
  {
    "id": "734d5074-372c-4e3c-a4ef-a45ac121017c",
    "data": [
      {
        "text": "help",
        "userDefined": false
      }
    ],
    "isTemplate": false,
    "count": 0,
    "updated": 1544202675
  },
  {
    "id": "5a86e1c8-27dc-47d8-a165-d77090474dfa",
    "data": [
      {
        "text": "i need some help",
        "userDefined": false
      }
    ],
    "isTemplate": false,
    "count": 0,
    "updated": 1544202675
  }
]