[
  {
    "id": "f6692ad8-6c07-4f0c-945b-41eb61a340f3",
    "data": [
      {
        "text": "book",
        "userDefined": false
      }
    ],
    "isTemplate": false,
    "count": 0,
    "updated": 1543595179
  },
  {
    "id": "b227edb2-7080-41fb-8908-7b32c1a43614",
    "data": [
      {
        "text": "I want to book the meeting room",
        "userDefined": false
      }
    ],
    "isTemplate": false,
    "count": 0,
    "updated": 1543595179
  },
  {
    "id": "fd20fe7b-83ae-401c-aa65-03045f8fbbea",
    "data": [
      {
        "text": "book meeting",
        "userDefined": false
      }
    ],
    "isTemplate": false,
    "count": 0,
    "updated": 1543595179
  },
  {
    "id": "6de561ef-68ca-40a3-a903-f8655ed4137e",
    "data": [
      {
        "text": "book room",
        "userDefined": false
      }
    ],
    "isTemplate": false,
    "count": 0,
    "updated": 1543595179
  },
  {
    "id": "b86dc19d-dd2a-4487-a01f-ac8e91ede6e2",
    "data": [
      {
        "text": "I wanna book room",
        "userDefined": false
      }
    ],
    "isTemplate": false,
    "count": 0,
    "updated": 1543595179
  },
  {
    "id": "e8eda1b6-8f38-4bda-ae50-d92db541cc68",
    "data": [
      {
        "text": "book meeting room",
        "userDefined": false
      }
    ],
    "isTemplate": false,
    "count": 0,
    "updated": 1543595179
  }
]