[
  {
    "id": "d26faf8f-804a-4ca3-88ce-d8726317c926",
    "data": [
      {
        "text": "Next Mon",
        "alias": "date",
        "meta": "@sys.date",
        "userDefined": true
      },
      {
        "text": " ",
        "userDefined": false
      },
      {
        "text": "at 11am",
        "alias": "time",
        "meta": "@sys.time",
        "userDefined": false
      }
    ],
    "isTemplate": false,
    "count": 0,
    "updated": 1543610916
  },
  {
    "id": "35cc4ca0-4d59-42ad-870e-9f6efc701a73",
    "data": [
      {
        "text": "Tomorrow",
        "alias": "date",
        "meta": "@sys.date",
        "userDefined": true
      },
      {
        "text": " ",
        "userDefined": false
      },
      {
        "text": "10am",
        "alias": "time",
        "meta": "@sys.time",
        "userDefined": false
      }
    ],
    "isTemplate": false,
    "count": 0,
    "updated": 1543610916
  },
  {
    "id": "86d5973d-1a46-49a2-84c2-73d99ccdfceb",
    "data": [
      {
        "text": "Today",
        "alias": "date",
        "meta": "@sys.date",
        "userDefined": true
      },
      {
        "text": " ",
        "userDefined": false
      },
      {
        "text": "at noon",
        "alias": "time",
        "meta": "@sys.time",
        "userDefined": false
      }
    ],
    "isTemplate": false,
    "count": 0,
    "updated": 1543610916
  },
  {
    "id": "937fd18c-ac85-4b51-ba09-baadf2f94e74",
    "data": [
      {
        "text": "Dec 12",
        "alias": "date",
        "meta": "@sys.date",
        "userDefined": true
      },
      {
        "text": " ",
        "userDefined": false
      },
      {
        "text": "at 2pm",
        "alias": "time",
        "meta": "@sys.time",
        "userDefined": false
      }
    ],
    "isTemplate": false,
    "count": 0,
    "updated": 1543610916
  }
]