[
  {
    "id": "779c9496-099a-45d8-9cae-5703a4b6aa70",
    "data": [
      {
        "text": "2pm",
        "alias": "time",
        "meta": "@sys.time",
        "userDefined": false
      }
    ],
    "isTemplate": false,
    "count": 0,
    "updated": 1544108911
  },
  {
    "id": "8592825d-7593-4794-9daf-6e4b5341f522",
    "data": [
      {
        "text": "today",
        "alias": "date",
        "meta": "@sys.date",
        "userDefined": false
      }
    ],
    "isTemplate": false,
    "count": 0,
    "updated": 1544108911
  }
]