[
  {
    "id": "d39bdb93-bef9-4628-847e-5205db0a902b",
    "data": [
      {
        "text": "book",
        "userDefined": false
      }
    ],
    "isTemplate": false,
    "count": 0,
    "updated": 1543595179
  },
  {
    "id": "77ca1219-ea03-4ff6-85bd-b51abff58371",
    "data": [
      {
        "text": "I want to book the meeting room",
        "userDefined": false
      }
    ],
    "isTemplate": false,
    "count": 0,
    "updated": 1543595179
  },
  {
    "id": "a2f6b5ea-4c9d-4227-8e9e-a2bbb618b7eb",
    "data": [
      {
        "text": "book meeting",
        "userDefined": false
      }
    ],
    "isTemplate": false,
    "count": 0,
    "updated": 1543595179
  },
  {
    "id": "5d7f3f2f-b23d-46df-82a6-a2db4a46c1f6",
    "data": [
      {
        "text": "book room",
        "userDefined": false
      }
    ],
    "isTemplate": false,
    "count": 0,
    "updated": 1543595179
  },
  {
    "id": "cc86dec1-aa94-4111-9b6a-94e0bb80ba21",
    "data": [
      {
        "text": "I wanna book room",
        "userDefined": false
      }
    ],
    "isTemplate": false,
    "count": 0,
    "updated": 1543595179
  },
  {
    "id": "f988bd19-d0bd-4eae-a90e-74c53dac10b9",
    "data": [
      {
        "text": "book meeting room",
        "userDefined": false
      }
    ],
    "isTemplate": false,
    "count": 0,
    "updated": 1543595179
  }
]