[
  {
    "id": "068c534e-a193-4f97-b163-d8da876071ec",
    "data": [
      {
        "text": "Today",
        "alias": "date",
        "meta": "@sys.date",
        "userDefined": false
      }
    ],
    "isTemplate": false,
    "count": 0,
    "updated": 1543603591
  },
  {
    "id": "711bb2cc-80ab-4d58-a9d4-fb4c7f63ec65",
    "data": [
      {
        "text": "Tomorrow",
        "alias": "date",
        "meta": "@sys.date",
        "userDefined": false
      }
    ],
    "isTemplate": false,
    "count": 0,
    "updated": 1543603591
  },
  {
    "id": "2e2d59bd-c659-404e-9b7b-1dfb05db4767",
    "data": [
      {
        "text": "Next Mon",
        "alias": "date",
        "meta": "@sys.date",
        "userDefined": false
      }
    ],
    "isTemplate": false,
    "count": 0,
    "updated": 1543603591
  },
  {
    "id": "491178e1-42f1-44b4-a8d3-bb1dfe347e63",
    "data": [
      {
        "text": "Jan 4",
        "alias": "date",
        "meta": "@sys.date",
        "userDefined": false
      }
    ],
    "isTemplate": false,
    "count": 0,
    "updated": 1543603591
  },
  {
    "id": "a46ed3d9-b754-42d2-987b-cd86355cb0b6",
    "data": [
      {
        "text": "Dec 20",
        "alias": "date",
        "meta": "@sys.date",
        "userDefined": false
      }
    ],
    "isTemplate": false,
    "count": 0,
    "updated": 1543603591
  }
]