[
  {
    "id": "61de2b97-271d-4611-9a9a-a5dab0a06121",
    "data": [
      {
        "text": "modify",
        "userDefined": false
      }
    ],
    "isTemplate": false,
    "count": 0,
    "updated": 1544193184
  },
  {
    "id": "a2fac784-74cf-4039-b10b-1f1b9a8bcb53",
    "data": [
      {
        "text": "modify time table",
        "userDefined": false
      }
    ],
    "isTemplate": false,
    "count": 0,
    "updated": 1544193184
  },
  {
    "id": "bb022816-be56-4b35-98cc-0f5fb9da6c4e",
    "data": [
      {
        "text": "modify schedule",
        "userDefined": false
      }
    ],
    "isTemplate": false,
    "count": 0,
    "updated": 1544193184
  },
  {
    "id": "0ba7e1e1-e90b-4d5b-beb9-2cebd56ac8e6",
    "data": [
      {
        "text": "change",
        "userDefined": false
      }
    ],
    "isTemplate": false,
    "count": 0,
    "updated": 1544124232
  },
  {
    "id": "fbecd5e8-0826-4e50-ba90-5b46bd362a82",
    "data": [
      {
        "text": "make a change",
        "userDefined": false
      }
    ],
    "isTemplate": false,
    "count": 0,
    "updated": 1544124232
  },
  {
    "id": "07d43bae-e23e-434a-95e8-c202bae1a62c",
    "data": [
      {
        "text": "change schedule",
        "userDefined": false
      }
    ],
    "isTemplate": false,
    "count": 0,
    "updated": 1544124232
  },
  {
    "id": "cb94ea40-0f49-4704-bed8-6adb3e099ec2",
    "data": [
      {
        "text": "change meeting",
        "userDefined": false
      }
    ],
    "isTemplate": false,
    "count": 0,
    "updated": 1544124232
  }
]