[
  {
    "id": "89d029bc-d652-4da6-a82b-3bb3dbb345e7",
    "data": [
      {
        "text": "Today",
        "alias": "date",
        "meta": "@sys.date",
        "userDefined": false
      }
    ],
    "isTemplate": false,
    "count": 0,
    "updated": 1543603591
  },
  {
    "id": "be86c7af-1569-4f89-9ed2-dfba01284690",
    "data": [
      {
        "text": "Tomorrow",
        "alias": "date",
        "meta": "@sys.date",
        "userDefined": false
      }
    ],
    "isTemplate": false,
    "count": 0,
    "updated": 1543603591
  },
  {
    "id": "4a59f2f3-a871-432f-a99b-b574676c91b5",
    "data": [
      {
        "text": "Next Mon",
        "alias": "date",
        "meta": "@sys.date",
        "userDefined": false
      }
    ],
    "isTemplate": false,
    "count": 0,
    "updated": 1543603591
  },
  {
    "id": "38864add-d47c-401e-8f83-c834bd8aea0d",
    "data": [
      {
        "text": "Jan 4",
        "alias": "date",
        "meta": "@sys.date",
        "userDefined": false
      }
    ],
    "isTemplate": false,
    "count": 0,
    "updated": 1543603591
  },
  {
    "id": "2a338f3d-a0fb-4346-bf07-a3b80c41a0ff",
    "data": [
      {
        "text": "Dec 20",
        "alias": "date",
        "meta": "@sys.date",
        "userDefined": false
      }
    ],
    "isTemplate": false,
    "count": 0,
    "updated": 1543603591
  }
]