[
  {
    "id": "2deeae38-0f7f-47a6-ac0c-ee63f8b5e052",
    "data": [
      {
        "text": "remove meeting",
        "userDefined": false
      }
    ],
    "isTemplate": false,
    "count": 0,
    "updated": 1544108711
  },
  {
    "id": "53e55562-49e2-4867-bcb9-7a11ca7ac9d2",
    "data": [
      {
        "text": "cancel",
        "userDefined": false
      }
    ],
    "isTemplate": false,
    "count": 0,
    "updated": 1544108711
  },
  {
    "id": "c45944fa-88d1-48f2-867f-15b20e24a932",
    "data": [
      {
        "text": "cancel meeting",
        "userDefined": false
      }
    ],
    "isTemplate": false,
    "count": 0,
    "updated": 1544108711
  }
]