[
  {
    "id": "34ab46bd-ad6a-4e75-9d64-cdcfd2e6181d",
    "data": [
      {
        "text": "show meeting info",
        "userDefined": false
      }
    ],
    "isTemplate": false,
    "count": 0,
    "updated": 1543602458
  },
  {
    "id": "9c3a822e-4759-436c-aa6a-1f19f66d85e4",
    "data": [
      {
        "text": "I want to check meeting information",
        "userDefined": false
      }
    ],
    "isTemplate": false,
    "count": 0,
    "updated": 1543602458
  },
  {
    "id": "7ce7b0ac-ca31-4329-8342-7ed8e335b9a4",
    "data": [
      {
        "text": "I want to see the timetable",
        "userDefined": false
      }
    ],
    "isTemplate": false,
    "count": 0,
    "updated": 1543602458
  }
]