[
  {
    "id": "71f476a0-e9ab-442b-b689-b70478855f3b",
    "data": [
      {
        "text": "show",
        "userDefined": false
      }
    ],
    "isTemplate": false,
    "count": 0,
    "updated": 1544205323
  },
  {
    "id": "ba032222-afde-48f6-ae16-0d8169decd4c",
    "data": [
      {
        "text": "check",
        "userDefined": false
      }
    ],
    "isTemplate": false,
    "count": 0,
    "updated": 1544205323
  },
  {
    "id": "79ed8a93-1d76-4be5-80ff-0b26d4011306",
    "data": [
      {
        "text": "check meeting",
        "userDefined": false
      }
    ],
    "isTemplate": false,
    "count": 0,
    "updated": 1544205323
  },
  {
    "id": "ab62de74-736d-432d-98c2-85ad87eb0d88",
    "data": [
      {
        "text": "check schedule",
        "userDefined": false
      }
    ],
    "isTemplate": false,
    "count": 0,
    "updated": 1544205323
  },
  {
    "id": "2850aa85-987a-4861-91d7-3e0f4a9239d1",
    "data": [
      {
        "text": "show meeting info",
        "userDefined": false
      }
    ],
    "isTemplate": false,
    "count": 0,
    "updated": 1543602458
  },
  {
    "id": "d2192840-3119-413c-9564-125b3341d39a",
    "data": [
      {
        "text": "I want to check meeting information",
        "userDefined": false
      }
    ],
    "isTemplate": false,
    "count": 0,
    "updated": 1543602458
  },
  {
    "id": "8b00a14b-f036-43e8-921b-930cf89c8300",
    "data": [
      {
        "text": "I want to see the timetable",
        "userDefined": false
      }
    ],
    "isTemplate": false,
    "count": 0,
    "updated": 1543602458
  }
]