[
  {
    "id": "0e6a3527-e596-448c-8d65-8bbbbe353b35",
    "data": [
      {
        "text": "Next Mon",
        "meta": "@sys.ignore",
        "userDefined": false
      },
      {
        "text": " ",
        "userDefined": false
      },
      {
        "text": "at 11am",
        "alias": "time",
        "meta": "@sys.time",
        "userDefined": false
      }
    ],
    "isTemplate": false,
    "count": 0,
    "updated": 1543596666
  },
  {
    "id": "303f388e-b850-46a5-8575-ddf129bc91a2",
    "data": [
      {
        "text": "Tomorrow",
        "meta": "@sys.ignore",
        "userDefined": false
      },
      {
        "text": " ",
        "userDefined": false
      },
      {
        "text": "10am",
        "alias": "time",
        "meta": "@sys.time",
        "userDefined": false
      }
    ],
    "isTemplate": false,
    "count": 0,
    "updated": 1543596666
  },
  {
    "id": "8fb03734-0fad-49bb-8083-a595a5795b87",
    "data": [
      {
        "text": "Today",
        "meta": "@sys.ignore",
        "userDefined": false
      },
      {
        "text": " ",
        "userDefined": false
      },
      {
        "text": "at noon",
        "alias": "time",
        "meta": "@sys.time",
        "userDefined": false
      }
    ],
    "isTemplate": false,
    "count": 0,
    "updated": 1543596666
  },
  {
    "id": "19e9af5f-11ad-4d74-8228-26dbeab73366",
    "data": [
      {
        "text": "Dec 12",
        "meta": "@sys.ignore",
        "userDefined": false
      },
      {
        "text": " ",
        "userDefined": false
      },
      {
        "text": "at 2pm",
        "alias": "time",
        "meta": "@sys.time",
        "userDefined": false
      }
    ],
    "isTemplate": false,
    "count": 0,
    "updated": 1543596666
  }
]